number of years,money gathered (Interest 14%)
0,350000.00
1,399000.00
2,454860.00
3,518540.40
4,591136.06
5,673895.10
6,768240.42
7,875794.08
8,998405.25
9,1138181.98
10,1297527.46
11,1479181.30
12,1686266.69
13,1922344.02
14,2191472.19
15,2498278.29
16,2848037.25
17,3246762.47
18,3701309.21
19,4219492.50
20,4810221.46
21,5483652.46
22,6251363.80
23,7126554.74
24,8124272.40
25,9261670.53
26,10558304.41
27,12036467.03
28,13721572.41
29,15642592.55
30,17832555.50
31,20329113.27
32,23175189.13
33,26419715.61
34,30118475.80
35,34335062.41
36,39141971.15
37,44621847.11
38,50868905.70
39,57990552.50
40,66109229.85
41,75364522.03
42,85915555.11
43,97943732.83
44,111655855.43
45,127287675.18
46,145107949.71
47,165423062.67
48,188582291.44
49,214983812.25
50,245081545.96
